PkLoad,T24PkLoad,T24PkPoint,T48PkLoad,T48PkPoint,MeanDry,MeanDew,WeekDay,Month
18116,18435,18,18294,18,29.5,15.6,3,1
19989,18116,17,18435,18,29.5,15.6,4,1
20059,19989,17,18116,17,19,5.8,5,1
18686,20059,18,19989,17,14.2,-1,6,1
17341,18686,17,20059,18,28.9,17.2,7,1
17485,17341,17,18686,17,32.1,17.8,1,1
18588,17485,17,17341,17,31.9,22.9,2,1
18346,18588,18,17485,17,31.2,20.2,3,1
18438,18346,17,18588,18,33,22.5,4,1
17964,18438,17,18346,17,33.9,26.1,5,1
17888,17964,18,18438,17,39.7,22.5,6,1
16468,17888,17,17964,18,32.5,25.4,7,1
16392,16468,17,17888,17,38.8,37.7,1,1
17327,16392,17,16468,17,42.9,41.8,2,1
18177,17327,17,16392,17,47.4,39,3,1
18914,18177,17,17327,17,35.6,23,4,1
18311,18914,17,18177,17,31.6,27.8,5,1
18792,18311,17,18914,17,32.4,23.3,6,1
16659,18792,17,18311,17,20.9,0.1,7,1
16619,16659,17,18792,17,34.9,19.4,1,1
19296,16619,18,16659,17,39.8,22.6,2,1
19799,19296,17,16619,18,23,8.7,3,1
20733,19799,18,19296,17,18,3.6,4,1
20887,20733,18,19799,18,8.9,-9,5,1
19551,20887,18,20733,18,9.1,-10.3,6,1
18656,19551,17,20887,18,14.3,-5.8,7,1
18782,18656,18,19551,17,15.8,1.8,1,1
19764,18782,18,18656,18,19.1,-1,2,1
18608,19764,17,18782,18,23.1,12.1,3,1
17666,18608,18,19764,17,29.8,26.5,4,1
17699,17666,17,18608,18,45,43.4,5,1
18458,17699,18,17666,17,46.2,33.6,6,2
17672,18458,18,17699,18,26.5,6.8,7,2
17997,17672,18,18458,18,22.5,5.4,1,2
19463,17997,17,17672,18,23.5,15.3,2,2
19256,19463,18,17997,17,23.5,7.8,3,2
18735,19256,18,19463,18,22.7,10.6,4,2
18836,18735,18,19256,18,28.4,15.7,5,2
18754,18836,18,18735,18,22.7,1.1,6,2
17528,18754,17,18836,18,24.6,18.7,7,2
17530,17528,18,18754,17,18.9,9.6,1,2
18453,17530,18,17528,18,20.5,1.8,2,2
18018,18453,18,17530,18,30.3,25.6,3,2
17798,18018,18,18453,18,37.8,26.7,4,2
17431,17798,18,18018,18,34.6,21.9,5,2
16729,17431,18,17798,18,34,21.7,6,2
16617,16729,18,17431,18,36.9,28.5,7,2
18385,16617,18,16729,18,33.3,23.8,1,2
18801,18385,18,16617,18,21.5,6,2,2
17893,18801,18,18385,18,21,-0.6,3,2
18592,17893,18,18801,18,33.3,21.3,4,2
18693,18592,18,17893,18,31.1,17.8,5,2
17335,18693,18,18592,18,25.1,10.8,6,2
16829,17335,18,18693,18,29.9,18.3,7,2
17321,16829,18,17335,18,33.3,28.3,1,2
17822,17321,18,16829,18,34,31.4,2,2
17782,17822,18,17321,18,33.9,27.1,3,2
18144,17782,18,17822,18,35.2,28,4,2
17344,18144,18,17782,18,37,35,5,2
16961,17344,18,18144,18,36.8,33.5,6,3
16097,16961,18,17344,18,37.1,28.2,7,3
16691,16097,18,16961,18,35.1,24.7,1,3
18051,16691,18,16097,18,32.5,23.7,2,3
17389,18051,18,16691,18,31.8,20.3,3,3
18085,17389,18,18051,18,35.9,24.2,4,3
18460,18085,18,17389,18,35.9,30.1,5,3
17602,18460,18,18085,18,32.5,27.7,6,3
15593,17602,18,18460,18,33.9,25.8,7,3
15846,15593,18,17602,18,38.5,20.9,1,3
16671,15846,19,15593,18,35.8,27.1,2,3
16778,16671,19,15846,19,41,34.2,3,3
16334,16778,19,16671,19,47.2,45.1,4,3
17618,16334,19,16778,19,41.9,28.5,5,3
16872,17618,19,16334,19,30.5,14,6,3
15585,16872,8,17618,19,29.5,12.3,7,3
16230,15585,19,16872,8,31.9,14.3,1,3
17630,16230,19,15585,19,29.4,7.9,2,3
17727,17630,19,16230,19,26.9,6.1,3,3
17127,17727,19,17630,19,31.3,29.3,4,3
17164,17127,19,17727,19,30.8,18.5,5,3
16434,17164,19,17127,19,29.9,17.3,6,3
15307,16434,8,17164,19,31.3,16.5,7,3
15368,15307,19,16434,8,34.5,18.5,1,3
16887,15368,19,15307,19,37.2,20.9,2,3
16201,16887,19,15368,19,36.8,25.8,3,3
16141,16201,19,16887,19,39.9,22.9,4,3
16019,16141,19,16201,19,41.2,22.4,5,3
14902,16019,19,16141,19,41.8,29.8,6,3
14254,14902,19,16019,19,45.4,29.1,7,3
14121,14254,20,14902,19,45,24.3,1,3
15990,14121,19,14254,20,43.3,26.7,2,4
16781,15990,19,14121,19,45.1,35,3,4
16454,16781,19,15990,19,33.6,11.2,4,4
15917,16454,20,16781,19,35.4,10.8,5,4
15478,15917,8,16454,20,39.7,15.4,6,4
14521,15478,8,15917,8,44.7,24,7,4
14791,14521,20,15478,8,37.8,8.5,1,4
15219,14791,20,14521,20,42.3,26,2,4
15186,15219,20,14791,20,51,36.8,3,4
15430,15186,20,15219,20,55.1,41.3,4,4
15472,15430,19,15186,20,51.5,44.5,5,4
16079,15472,19,15430,19,46.9,36.9,6,4
14230,16079,11,15472,19,37.8,33.1,7,4
14345,14230,10,16079,11,42.2,33.9,1,4
15006,14345,20,14230,10,44.9,30.5,2,4
15020,15006,20,14345,20,44.2,29.6,3,4
14858,15020,20,15006,20,50.4,40.5,4,4
14986,14858,20,15020,20,56,35,5,4
14971,14986,20,14858,20,50,32.7,6,4
13617,14971,11,14986,20,60.2,54.9,7,4
14332,13617,20,14971,11,52,37,1,4
15459,14332,20,13617,20,42,19,2,4
16099,15459,20,14332,20,43,26.8,3,4
15080,16099,19,15459,20,40.2,34.4,4,4
14897,15080,20,16099,19,52.8,41.8,5,4
14478,14897,20,15080,20,53.4,33.2,6,4
13408,14478,10,14897,20,49.5,30.5,7,4
13870,13408,20,14478,10,50.9,33.3,1,4
14911,13870,20,13408,20,53.8,34.8,2,4
14809,14911,20,13870,20,54.5,36.8,3,4
14876,14809,20,14911,20,56,31.3,4,5
14920,14876,20,14809,20,55.4,34,5,5
14354,14920,13,14876,20,57.8,38.4,6,5
13417,14354,11,14920,13,52.7,38,7,5
13826,13417,20,14354,11,52.8,38.3,1,5
15038,13826,20,13417,20,50.3,37,2,5
15414,15038,20,13826,20,53.4,41.7,3,5
15542,15414,20,15038,20,60.6,48.2,4,5
15287,15542,13,15414,20,60.6,55.8,5,5
15512,15287,11,15542,13,58.1,55.4,6,5
13999,15512,13,15287,11,63.3,53.8,7,5
13653,13999,11,15512,13,61.6,57.4,1,5
14927,13653,20,13999,11,59.7,47.3,2,5
14916,14927,20,13653,20,49,27.3,3,5
15145,14916,20,14927,20,49,28.5,4,5
15408,15145,20,14916,20,51.5,38.7,5,5
14884,15408,14,15145,20,65.4,40.8,6,5
13507,14884,11,15408,14,59.7,38.3,7,5
13994,13507,20,14884,11,57.9,41.9,1,5
16415,13994,20,13507,20,55.4,49.7,2,5
17563,16415,16,13994,20,65.5,58.5,3,5
15956,17563,14,16415,16,64.8,58.8,4,5
16569,15956,16,17563,14,59.5,55.9,5,5
16207,16569,14,15956,16,64.2,61.4,6,5
13799,16207,11,16569,14,60.1,56.9,7,5
13162,13799,11,16207,11,46.5,43.3,1,5
13863,13162,20,13799,11,49.1,38,2,5
15416,13863,20,13162,20,57.4,36.5,3,5
16309,15416,13,13863,20,58.8,43.1,4,5
20232,16309,17,15416,13,61.9,58.3,5,5
22479,20232,16,16309,17,74.9,63.3,6,5
20938,22479,16,20232,16,79.5,63.4,7,6
19862,20938,16,22479,16,78.4,63.3,1,6
18660,19862,15,20938,16,75.1,65.2,2,6
16204,18660,16,19862,15,68.5,61.3,3,6
16287,16204,17,18660,16,62,41.5,4,6
16366,16287,16,16204,17,62.6,44.2,5,6
15710,16366,13,16287,16,61.4,50.1,6,6
14761,15710,11,16366,13,55.9,53.7,7,6
15565,14761,17,15710,11,63,55.7,1,6
16480,15565,18,14761,17,68.4,54.5,2,6
16531,16480,13,15565,18,62.7,56.5,3,6
16072,16531,17,16480,13,59.9,57.3,4,6
15886,16072,13,16531,17,63.3,52.3,5,6
15408,15886,11,16072,13,57.6,52.5,6,6
14812,15408,13,15886,11,60.5,51.4,7,6
15007,14812,17,15408,13,67.3,46.5,1,6
19346,15007,20,14812,17,66.7,52.5,2,6
18322,19346,16,15007,20,70.2,59.2,3,6
16821,18322,13,19346,16,63.8,58.7,4,6
17425,16821,16,18322,13,63.6,49.4,5,6
18695,17425,16,16821,16,65.5,49.3,6,6
17604,18695,16,17425,16,70,56.5,7,6
20265,17604,16,18695,16,71.8,57.4,1,6
25129,20265,17,17604,16,75.6,63.5,2,6
24652,25129,16,20265,17,78.9,67.8,3,6
22400,24652,15,25129,16,78.1,66,4,6
19251,22400,13,24652,15,74.7,67,5,6
19917,19251,14,22400,13,67.8,65,6,6
19103,19917,16,19251,14,70.3,66.2,7,6
19363,19103,16,19917,16,73.5,67,1,6
20532,19363,14,19103,16,74.4,68.2,2,7
20791,20532,13,19363,14,73.5,70,3,7
22635,20791,16,20532,13,72.9,68.7,4,7
22424,22635,16,20791,16,75.6,68.4,5,7
25031,22424,16,22635,16,80.6,71,6,7
23326,25031,16,22424,16,82.9,70.9,7,7
23353,23326,16,25031,16,82.7,69.8,1,7
24272,23353,15,23326,16,79.9,68.8,2,7
20682,24272,15,23353,15,76.7,68.3,3,7
22409,20682,13,24272,15,71.1,66.4,4,7
21701,22409,14,20682,13,73.5,69.6,5,7
19514,21701,16,22409,14,75.7,69.3,6,7
17672,19514,13,21701,16,71.5,60.2,7,7
22397,17672,17,19514,13,69.8,64.2,1,7
26111,22397,17,17672,17,78.9,69.8,2,7
26252,26111,16,22397,17,82.1,68.9,3,7
26641,26252,16,26111,16,82,66.5,4,7
26884,26641,16,26252,16,81.8,68.5,5,7
27379,26884,14,26641,16,82.6,70.3,6,7
24668,27379,16,26884,14,85.5,72,7,7
20085,24668,14,27379,16,82.8,70.4,1,7
21931,20085,17,24668,14,74.7,62.1,2,7
22277,21931,14,20085,17,72.8,66.3,3,7
22387,22277,15,21931,14,73.1,69.7,4,7
16437,22387,14,22277,15,74.9,64,5,7
16860,16437,11,22387,14,61.5,52.6,6,7
17917,16860,13,16437,11,65.8,60.5,7,7
17822,17917,17,16860,13,70.9,61.2,1,7
21717,17822,15,17917,17,70.5,64.5,2,7
19973,21717,15,17822,15,73,64.5,3,7
19978,19973,16,21717,15,71.5,56.6,4,7
19607,19978,16,19973,16,70.9,57.3,5,8
19986,19607,13,19978,16,69.1,62.2,6,8
16750,19986,15,19607,13,72.1,61.5,7,8
16345,16750,17,19986,15,70,59.9,1,8
17179,16345,17,16750,17,68,55,2,8
17687,17179,17,16345,17,65.8,46.7,3,8
18032,17687,16,17179,17,66.1,50.3,4,8
19840,18032,16,17687,16,67.8,56.2,5,8
19486,19840,16,18032,16,72.2,65.8,6,8
17856,19486,11,19840,16,72.8,70.1,7,8
16507,17856,16,19486,11,73.5,58.8,1,8
19506,16507,17,17856,16,68.1,51.8,2,8
18175,19506,16,16507,17,70.8,57.6,3,8
17172,18175,12,19506,16,68.5,63.5,4,8
17194,17172,16,18175,12,66.3,52.6,5,8
17358,17194,16,17172,16,65.4,49.8,6,8
16126,17358,14,17194,16,66.6,52.7,7,8
15978,16126,17,17358,14,68.1,55.3,1,8
19009,15978,20,16126,17,68,58.3,2,8
21075,19009,14,15978,20,70.8,58.6,3,8
22416,21075,16,19009,14,73.7,60,4,8
21259,22416,16,21075,16,75.3,61.5,5,8
19255,21259,14,22416,16,74.4,65.2,6,8
15630,19255,13,21259,14,71.8,57.5,7,8
16331,15630,17,19255,13,65.8,48.3,1,8
18685,16331,17,15630,17,67.8,51.7,2,8
21076,18685,14,16331,17,70.5,60.7,3,8
21607,21076,16,18685,14,73.1,66.5,4,8
17904,21607,14,21076,16,71.6,65,5,8
19321,17904,11,21607,14,66.7,62.4,6,8
18060,19321,16,17904,11,70.8,62.5,7,8
18058,18060,19,19321,16,74,69.2,1,9
18898,18058,17,18060,19,73.4,69.6,2,9
19852,18898,19,18058,17,72.5,70,3,9
18755,19852,12,18898,19,71.2,64.6,4,9
16825,18755,16,19852,12,68.9,55,5,9
15432,16825,13,18755,16,64,51.9,6,9
14873,15432,13,16825,13,57.6,40.8,7,9
14977,14873,19,15432,13,63.5,48,1,9
15973,14977,19,14873,19,65.4,50,2,9
17988,15973,19,14977,19,58.2,42.8,3,9
24451,17988,19,15973,19,66.8,61.6,4,9
22199,24451,16,17988,19,79.3,70,5,9
18824,22199,13,24451,16,74.5,68.4,6,9
14429,18824,13,22199,13,67.3,61.7,7,9
14905,14429,19,18824,13,59.4,49.6,1,9
15917,14905,19,14429,19,58.7,46.8,2,9
15670,15917,19,14905,19,58.9,48.3,3,9
15932,15670,19,15917,19,51.5,36.8,4,9
16324,15932,19,15670,19,57.3,42.9,5,9
16246,16324,19,15932,19,61.5,48.5,6,9
15304,16246,14,16324,19,62.7,52.3,7,9
15104,15304,19,16246,14,64.6,58.7,1,9
15839,15104,19,15304,19,63.5,53.7,2,9
15917,15839,19,15104,19,53,39.8,3,9
15963,15917,19,15839,19,53.5,39.8,4,9
15793,15963,19,15917,19,56.6,45.3,5,9
15078,15793,19,15963,19,57.8,47.2,6,9
14322,15078,19,15793,19,57.8,49,7,9
14833,14322,19,15078,19,59.6,50.2,1,9
16116,14833,19,14322,19,56.3,48.9,2,9
16461,16116,19,14833,19,56.5,48.1,3,10
16973,16461,19,16116,19,61.5,50.8,4,10
16351,16973,19,16461,19,66.9,55.3,5,10
15635,16351,19,16973,19,64,48.2,6,10
14705,15635,19,16351,19,59.7,52.3,7,10
15090,14705,19,15635,19,61.9,55.5,1,10
17207,15090,18,14705,19,57.1,54.4,2,10
15876,17207,18,15090,18,64,60.6,3,10
15794,15876,19,17207,18,57,42.1,4,10
15961,15794,19,15876,19,51.8,41,5,10
15256,15961,19,15794,19,51.6,45.8,6,10
14368,15256,18,15961,19,57.5,48.2,7,10
14255,14368,18,15256,18,55.4,49.5,1,10
15759,14255,18,14368,18,53.6,45.9,2,10
16058,15759,18,14255,18,51.7,43.2,3,10
16184,16058,18,15759,18,57.7,48.8,4,10
16193,16184,18,16058,18,55,49.9,5,10
15205,16193,18,16184,18,61.2,55,6,10
14340,15205,18,16193,18,60.3,48.2,7,10
14694,14340,18,15205,18,54.4,40.6,1,10
16112,14694,18,14340,18,53.9,37.9,2,10
16218,16112,18,14694,18,52.6,37.4,3,10
16435,16218,18,16112,18,53.7,43.9,4,10
16298,16435,18,16218,18,45.4,32.3,5,10
15892,16298,18,16435,18,44.9,27.8,6,10
14945,15892,18,16298,18,41.5,27.1,7,10
15302,14945,18,15892,18,43.3,28.2,1,10
16660,15302,18,14945,18,47.4,30.9,2,10
16823,16660,18,15302,18,44.7,29.4,3,10
16735,16823,18,16660,18,39,22.9,4,10
16125,16735,18,16823,18,41.7,32.8,5,10
15707,16125,17,16735,18,48.2,45.3,6,11
14608,15707,18,16125,17,62.5,55.8,7,11
15947,14608,18,15707,18,54,42.1,1,11
17555,15947,18,14608,18,41,26.4,2,11
17076,17555,17,15947,18,33.5,15.8,3,11
16736,17076,17,17555,17,38.7,26.4,4,11
16720,16736,17,17076,17,49.8,40.4,5,11
16936,16720,17,16736,17,52.8,47,6,11
15841,16936,17,16720,17,39.5,25.3,7,11
15799,15841,17,16936,17,38.5,22.8,1,11
17187,15799,17,15841,17,44.7,34,2,11
18363,17187,17,15799,17,44.3,26,3,11
18300,18363,17,17187,17,35,21.6,4,11
17293,18300,17,18363,17,28.9,11.8,5,11
16586,17293,17,18300,17,38.9,18,6,11
15395,16586,17,17293,17,43.8,20.8,7,11
16123,15395,17,16586,17,45.9,29.8,1,11
16665,16123,17,15395,17,46,42.9,2,11
17737,16665,17,16123,17,57.2,44.2,3,11
18004,17737,17,16665,17,39.3,20.1,4,11
17589,18004,17,17737,17,32.2,11.8,5,11
16975,17589,17,18004,17,35.3,18.4,6,11
16394,16975,17,17589,17,43.5,39.7,7,11
18576,16394,17,16975,17,39.3,23.9,1,11
19058,18576,17,16394,17,22.8,2.3,2,11
18143,19058,17,18576,17,24.5,2.9,3,11
17316,18143,17,19058,17,34.4,20.9,4,11
15893,17316,17,18143,17,45.6,43.5,5,11
17345,15893,11,17316,17,29.2,13.5,6,11
17273,17345,17,15893,11,25.8,10,7,11
17173,17273,17,17345,17,24.3,11,1,12
18331,17173,17,17273,17,35.4,29.8,2,12
17986,18331,17,17173,17,36.8,34,3,12
18183,17986,17,18331,17,37.6,32.1,4,12
18011,18183,17,17986,17,35.5,26.8,5,12
17511,18011,17,18183,17,41.3,38,6,12
17364,17511,17,18011,17,45.4,41.1,7,12
18528,17364,17,17511,17,33,24.1,1,12
19321,18528,17,17364,17,27.2,14.1,2,12
19600,19321,17,18528,17,31.3,28.1,3,12
19697,19600,17,19321,17,30.5,25.9,4,12
20077,19697,17,19600,17,24.4,15.3,5,12
19540,20077,17,19697,17,19.5,5.5,6,12
20052,19540,17,20077,17,21,7.9,7,12
19228,20052,17,19540,17,13.9,4.3,1,12
20208,19228,17,20052,17,24.7,20.3,2,12
21453,20208,18,19228,17,21.8,8.7,3,12
19726,21453,17,20208,18,11.7,5.6,4,12
18957,19726,17,21453,17,24.3,16.2,5,12
17939,18957,17,19726,17,32.3,21,6,12
16585,17939,17,18957,17,37.9,28.7,7,12
16767,16585,17,17939,17,44.3,38.3,1,12
18077,16767,17,16585,17,47.4,44.8,2,12
17561,18077,17,16767,17,38.5,36.8,3,12
16594,17561,17,18077,17,30.7,18.5,4,12
19110,16594,17,17561,17,18.1,2.9,5,12
18682,19110,17,16594,17,24.5,18.2,6,12
16916,18682,17,19110,17,27.2,18,7,12
17486,16916,17,18682,17,34,23.1,1,12
18932,17486,17,16916,17,35.8,30.8,2,12
19220,18932,17,17486,17,30.4,20.4,3,12
18514,19220,17,18932,17,17,5,4,1
21053,18514,17,19220,17,20.8,5.2,5,1
21060,21053,17,18514,17,12.4,7.6,6,1
19285,21060,17,21053,17,4.7,-4.8,7,1
18517,19285,17,21060,17,10.8,-2.3,1,1
18508,18517,17,19285,17,25.3,17.2,2,1
21334,18508,17,18517,17,39.8,35.5,3,1
20698,21334,18,18508,17,11.5,-6,4,1
19822,20698,18,21334,18,12.2,-3.4,5,1
18902,19822,18,20698,18,19.8,5.1,6,1
16766,18902,17,19822,18,25.3,21.2,7,1
17160,16766,17,18902,17,44.8,43.5,1,1
17936,17160,17,16766,17,42.1,30.2,2,1
17882,17936,17,17160,17,38.8,28.1,3,1
17779,17882,17,17936,17,44.1,41.4,4,1
18178,17779,18,17882,17,37.5,32.9,5,1
17382,18178,17,17779,18,35.4,32.8,6,1
17221,17382,17,18178,17,34.8,27.3,7,1
17246,17221,17,17382,17,32.2,28.9,1,1
18507,17246,18,17221,17,29.6,22.2,2,1
20679,18507,17,17246,18,32.8,20.6,3,1
20903,20679,17,18507,17,13,0.3,4,1
20467,20903,18,20679,17,8.3,-5.8,5,1
19974,20467,18,20903,18,9,-6.3,6,1
18208,19974,18,20467,18,10,-5.6,7,1
19229,18208,17,19974,18,23.4,12.1,1,1
19411,19229,18,18208,17,17,2.1,2,1
20267,19411,18,19229,18,27.3,14.3,3,1
19953,20267,18,19411,18,14.1,-8.1,4,1
19603,19953,18,20267,18,16.9,-3.9,5,1
17915,19603,18,19953,18,18.6,1.3,6,1
16535,17915,18,19603,18,30.8,14.1,7,2
16779,16535,18,17915,18,34.7,21.1,1,2
18941,16779,17,16535,18,39.3,32.8,2,2
18580,18941,18,16779,17,30.8,24.5,3,2
19230,18580,18,18941,18,25.4,17,4,2
18979,19230,18,18580,18,26.1,22.5,5,2
18414,18979,18,19230,18,20.1,10,6,2
17624,18414,18,18979,18,19.8,6.5,7,2
18072,17624,18,18414,18,20,2.4,1,2
19318,18072,18,17624,18,22.9,10.5,2,2
19653,19318,18,18072,18,20.6,9.2,3,2
19336,19653,18,19318,18,14.4,1.1,4,2
19227,19336,18,19653,18,14,-1.9,5,2
17895,19227,18,19336,18,25.5,21.2,6,2
17686,17895,18,19227,18,31.5,24.5,7,2
17568,17686,18,17895,18,27.7,22.9,1,2
18829,17568,18,17686,18,24,10,2,2
19290,18829,18,17568,18,18.1,-3.6,3,2
18498,19290,18,18829,18,19.4,11.5,4,2
17422,18498,18,19290,18,26.3,22.8,5,2
17263,17422,18,18498,18,36.8,26.4,6,2
15763,17263,17,17422,18,35.7,34.5,7,2
16302,15763,18,17263,17,38.9,25.8,1,2
18525,16302,18,15763,18,40.1,24.5,2,2
18934,18525,18,16302,18,30.4,11.6,3,2
19192,18934,18,18525,18,21.3,5.7,4,2
19099,19192,18,18934,18,18.4,1.8,5,2
18722,19099,18,19192,18,16.6,0.8,6,2
17133,18722,18,19099,18,13.7,-9.1,7,3
17323,17133,18,18722,18,21,4.5,1,3
19695,17323,18,17133,18,31.1,17.1,2,3
18927,19695,18,17323,18,18,-1,3,3
18884,18927,18,19695,18,17.5,-2.2,4,3
18715,18884,18,18927,18,22.5,10.3,5,3
17770,18715,18,18884,18,17.5,-4,6,3
15612,17770,7,18715,18,24.1,11.3,7,3
16352,15612,18,17770,7,36.9,22.4,1,3
17161,16352,19,15612,18,32.6,12.5,2,3
16211,17161,19,16352,19,33.8,21,3,3
16873,16211,19,17161,19,43,28.9,4,3
18760,16873,19,16211,19,39.3,32.5,5,3
17763,18760,19,16873,19,20,9.3,6,3
14901,17763,8,18760,19,24.9,7.9,7,3
16724,14901,19,17763,8,42,29.1,1,3
17755,16724,19,14901,19,28.2,6.5,2,3
17396,17755,19,16724,19,21.3,-2,3,3
17100,17396,7,17755,19,26.2,5.3,4,3
16314,17100,19,17396,7,32.4,20.3,5,3
15922,16314,19,17100,19,39.7,31.5,6,3
15135,15922,10,16314,19,36.7,20.1,7,3
16245,15135,10,15922,10,37.6,23.5,1,3
17554,16245,19,15135,10,32.7,14.2,2,3
17351,17554,19,16245,19,22.5,-1.5,3,3
17954,17351,19,17554,19,26.5,7.8,4,3
17257,17954,19,17351,19,29.3,8,5,3
15991,17257,7,17954,19,29.5,2.9,6,3
14977,15991,9,17257,7,42,33.5,7,3
16056,14977,19,15991,9,44,38.7,1,3
17131,16056,19,14977,19,39,36.8,2,3
15846,17131,19,16056,19,36.3,30.4,3,4
15770,15846,7,17131,19,41.8,26.9,4,4
15572,15770,20,15846,7,42.2,30.2,5,4
15652,15572,20,15770,20,43.7,24.6,6,4
14519,15652,19,15572,20,40.3,28.1,7,4
14620,14519,20,15652,19,41.5,31.5,1,4
16012,14620,20,14519,20,43.2,19.3,2,4
15458,16012,19,14620,20,45.5,26.3,3,4
15452,15458,19,16012,19,50.5,44.1,4,4
15334,15452,20,15458,19,46.5,25.4,5,4
14833,15334,20,15452,20,45.5,20.8,6,4
13490,14833,10,15334,20,55.2,39,7,4
14175,13490,20,14833,10,55.3,34.9,1,4
15042,14175,20,13490,20,53.4,40.8,2,4
15515,15042,20,14175,20,62,50.5,3,4
15816,15515,19,15042,20,57.1,53.5,4,4
15628,15816,20,15515,19,35.3,19,5,4
15206,15628,20,15816,20,35.4,19.6,6,4
13782,15206,10,15628,20,37.4,26.3,7,4
13331,13782,20,15206,10,48.3,29,1,4
14738,13331,20,13782,20,45.5,23,2,4
14852,14738,20,13331,20,50.6,27.3,3,4
15123,14852,19,14738,20,56.3,41.1,4,4
14896,15123,20,14852,19,49.7,40.4,5,4
14325,14896,20,15123,20,48.2,20.5,6,4
14069,14325,10,14896,20,50.3,23.9,7,4
14269,14069,11,14325,10,44.8,39.1,1,4
14989,14269,20,14069,11,45.5,37.2,2,4
15553,14989,20,14269,20,49,34.7,3,4
15901,15553,20,14989,20,43.9,34.9,4,4
15252,15901,19,15553,20,41.7,37.7,5,5
14346,15252,10,15901,19,51.5,48.4,6,5
13343,14346,11,15252,10,57,39.1,7,5
13828,13343,20,14346,11,55.9,38.7,1,5
14702,13828,20,13343,20,53.5,38.5,2,5
14739,14702,20,13828,20,54.5,37.5,3,5
14690,14739,20,14702,20,53.3,32.4,4,5
14828,14690,20,14739,20,54.5,28.5,5,5
14741,14828,20,14690,20,54.2,40.4,6,5
13998,14741,11,14828,20,53.9,49.4,7,5
13974,13998,20,14741,11,64.8,57.6,1,5
16075,13974,20,13998,20,67.7,39.2,2,5
14709,16075,20,13974,20,68.9,42.2,3,5
14916,14709,20,16075,20,55,41.7,4,5
15816,14916,20,14709,20,56,44.2,5,5
15750,15816,13,14916,20,64.3,57.8,6,5
13793,15750,11,15816,13,64.2,60.2,7,5
13715,13793,11,15750,11,62.5,49.3,1,5
14740,13715,20,13793,11,57.4,36.8,2,5
14881,14740,13,13715,20,57.1,34.5,3,5
15212,14881,20,14740,13,61.7,39,4,5
15121,15212,13,14881,20,61.3,44.9,5,5
14923,15121,11,15212,13,55.9,51.6,6,5
13335,14923,11,15121,11,56,52.5,7,5
13198,13335,20,14923,11,56.5,49.5,1,5
14785,13198,20,13335,20,59.4,51.3,2,5
16222,14785,20,13198,20,67,53,3,5
15030,16222,13,14785,20,64,53.2,4,5
14529,15030,11,16222,13,49.5,45.7,5,5
14967,14529,11,15030,11,53.5,41.3,6,5
13266,14967,13,14529,11,57.1,47.6,7,5
14001,13266,11,14967,13,56.9,47,1,6
16564,14001,20,13266,11,61.5,42.3,2,6
17456,16564,17,14001,20,67.6,47.4,3,6
16134,17456,16,16564,17,67.2,55,4,6
15825,16134,13,17456,16,61.9,55.4,5,6
15618,15825,11,16134,13,60.8,57.1,6,6
15290,15618,13,15825,11,64.9,51.7,7,6
16382,15290,17,15618,13,69.5,53.1,1,6
17225,16382,17,15290,17,72.4,54,2,6
17552,17225,13,16382,17,67.8,56.7,3,6
16064,17552,16,17225,13,67.5,61.3,4,6
15902,16064,13,17552,16,62.1,53.5,5,6
16094,15902,13,16064,13,61.2,55.9,6,6
14707,16094,11,15902,13,62.2,60.3,7,6
14778,14707,12,16094,11,65.1,56.8,1,6
17440,14778,20,14707,12,66.4,51.1,2,6
20141,17440,17,14778,20,68,48.7,3,6
20718,20141,16,17440,17,72.8,61,4,6
19028,20718,16,20141,16,75.7,62.4,5,6
16752,19028,16,20718,16,72.5,54.2,6,6
14461,16752,14,19028,16,66.3,43.2,7,6
14839,14461,17,16752,14,63.7,44.9,1,6
17850,14839,18,14461,17,65.7,47.9,2,6
18471,17850,16,14839,18,67.3,53,3,6
21197,18471,14,17850,16,70,56,4,6
20162,21197,16,18471,14,73.8,63.5,5,6
18048,20162,13,21197,16,72,65.2,6,6
17178,18048,16,20162,13,69.4,53,7,6
17710,17178,17,18048,16,71.4,54.1,1,6
21263,17710,17,17178,17,72.5,56.7,2,6
23099,21263,16,17710,17,75,59.8,3,7
24443,23099,16,21263,16,77.8,66,4,7
23542,24443,14,23099,16,78.2,68.9,5,7
16995,23542,15,24443,14,77.3,69.8,6,7
14959,16995,12,23542,15,68.3,64.5,7,7
17171,14959,17,16995,12,69.5,49.6,1,7
22191,17171,17,14959,17,73.4,52.4,2,7
23797,22191,16,17171,17,75.8,63.3,3,7
22837,23797,16,22191,16,78.2,67,4,7
20249,22837,16,23797,16,77.3,63.7,5,7
19454,20249,17,22837,16,72.7,57.3,6,7
18776,19454,16,20249,17,70.8,54.9,7,7
19033,18776,17,19454,16,72.6,58.4,1,7
21968,19033,17,18776,17,74.1,63.3,2,7
22225,21968,13,19033,17,74.9,69,3,7
19412,22225,14,21968,13,75,71.1,4,7
19352,19412,17,22225,14,72,66.3,5,7
18691,19352,16,19412,17,70.6,56.5,6,7
15788,18691,16,19352,16,69.8,54.1,7,7
16116,15788,13,18691,16,67.6,57.9,1,7
19395,16116,17,15788,13,68.1,56.7,2,7
22850,19395,17,16116,17,69,58.2,3,7
24381,22850,17,19395,17,75.5,64.1,4,7
19565,24381,16,22850,17,78.3,67.9,5,7
18996,19565,14,24381,16,71.9,61.6,6,7
16932,18996,16,19565,14,70,54.6,7,7
17814,16932,17,18996,16,71.7,58.7,1,7
21111,17814,17,16932,17,71,66.1,2,7
18284,21111,16,17814,17,71.6,65.7,3,7
18078,18284,14,21111,16,68,55.5,4,7
18673,18078,16,18284,14,67.7,53.9,5,7
20147,18673,16,18078,16,69.3,57.5,6,8
15839,20147,13,18673,16,71.9,63.7,7,8
15850,15839,11,20147,13,67.5,61.7,1,8
20252,15850,20,15839,11,66.2,60,2,8
22017,20252,16,15850,20,72,64,3,8
20082,22017,16,20252,16,74.6,63.4,4,8
18334,20082,16,22017,16,72.3,59.9,5,8
18255,18334,14,20082,16,67.5,54.4,6,8
17135,18255,16,18334,14,69.4,53.5,7,8
17726,17135,17,18255,16,71.3,56.4,1,8
20263,17726,17,17135,17,72.4,56.1,2,8
19156,20263,16,17726,17,72.3,59.1,3,8
17798,19156,14,20263,16,70.8,61.3,4,8
16996,17798,11,19156,14,67.6,64.3,5,8
16312,16996,16,17798,11,66.4,52.6,6,8
14692,16312,13,16996,16,63,51.8,7,8
15720,14692,20,16312,13,66.4,52.2,1,8
17324,15720,17,14692,20,68.9,57,2,8
17446,17324,16,15720,17,66.7,51.5,3,8
18537,17446,17,17324,16,65.3,51.5,4,8
17862,18537,16,17446,17,68.5,57,5,8
17035,17862,14,18537,16,67.3,59.4,6,8
15051,17035,13,17862,14,65.7,60.5,7,8
16004,15051,12,17035,13,65.9,57.2,1,8
20457,16004,20,15051,12,67.6,55.5,2,8
21373,20457,16,16004,20,72.6,59.1,3,8
22694,21373,16,20457,16,73.3,62.1,4,8
18935,22694,16,21373,16,75.8,64.3,5,8
16759,18935,13,22694,16,71,55.5,6,8
15143,16759,13,18935,13,64.7,51.6,7,8
18121,15143,20,16759,13,66.3,56.2,1,8
21060,18121,19,15143,20,74.2,67.3,2,9
23715,21060,17,18121,19,76.5,68.7,3,9
20604,23715,14,21060,17,78.1,69.9,4,9
20432,20604,16,23715,14,74.5,59.8,5,9
22429,20432,16,20604,16,71.7,57.6,6,9
21950,22429,16,20432,16,75.8,65.6,7,9
16441,21950,14,22429,16,78,69.3,1,9
16786,16441,17,21950,14,67.8,55.3,2,9
16142,16786,13,16441,17,64.2,51.6,3,9
16638,16142,19,16786,13,62.3,52.3,4,9
17904,16638,19,16142,19,62.8,55.9,5,9
15801,17904,19,16638,19,68.2,62,6,9
14305,15801,14,17904,19,61.9,49,7,9
14386,14305,19,15801,14,56.3,49.6,1,9
15576,14386,19,14305,19,56.4,45.1,2,9
15693,15576,19,14386,19,55,43,3,9
15645,15693,19,15576,19,58,50.9,4,9
15696,15645,19,15693,19,58.5,46.7,5,9
14592,15696,19,15645,19,59.7,46.3,6,9
14137,14592,19,15696,19,51.5,35.7,7,9
16078,14137,19,14592,19,57.8,47.7,1,9
15775,16078,19,14137,19,67.8,63.6,2,9
15693,15775,19,16078,19,63.3,49.8,3,9
15654,15693,19,15775,19,56.7,42.2,4,9
15584,15654,19,15693,19,59,49.3,5,9
15288,15584,19,15654,19,56.7,49.8,6,9
15194,15288,19,15584,19,62.1,51.4,7,9
16580,15194,19,15288,19,67.4,55.3,1,9
16688,16580,19,15194,19,69,59,2,9
15852,16688,19,16580,19,65.5,58.3,3,9
15790,15852,19,16688,19,58.1,54.8,4,10
15609,15790,18,15852,19,57.4,55.1,5,10
14924,15609,19,15790,18,56.2,52.3,6,10
14516,14924,19,15609,19,55.1,48,7,10
14461,14516,18,14924,19,57,55.1,1,10
15799,14461,19,14516,18,53.2,40.3,2,10
15990,15799,19,14461,19,53.5,41.5,3,10
15785,15990,19,15799,19,62.5,54.4,4,10
15452,15785,19,15990,19,64.6,52.1,5,10
14810,15452,19,15785,19,55.8,37.7,6,10
14084,14810,18,15452,19,53,37.7,7,10
14090,14084,19,14810,18,48.1,41.8,1,10
15824,14090,19,14084,19,49.2,38,2,10
16298,15824,18,14090,19,52.1,44.5,3,10
17053,16298,18,15824,18,66,59.2,4,10
16729,17053,18,16298,18,69.2,63.4,5,10
15415,16729,18,17053,18,66.8,64.4,6,10
14361,15415,18,16729,18,62.8,54.7,7,10
14829,14361,18,15415,18,59.8,53.8,1,10
16163,14829,18,14361,18,49,34.7,2,10
16106,16163,18,14829,18,45.2,31,3,10
16367,16106,18,16163,18,52.9,47.1,4,10
16260,16367,18,16106,18,51,47.8,5,10
15522,16260,18,16367,18,50.2,46.9,6,10
14125,15522,18,16260,18,49.6,43.8,7,10
14899,14125,18,15522,18,53.4,41,1,10
15962,14899,18,14125,18,51.7,40,2,10
16087,15962,18,14899,18,51.7,37.9,3,10
16032,16087,18,15962,18,53.2,45,4,10
15813,16032,18,16087,18,57.4,51.5,5,10
14995,15813,18,16032,18,48.1,37.5,6,10
15334,14995,18,15813,18,45.3,35.7,7,11
16057,15334,18,14995,18,42.3,36.1,1,11
16756,16057,17,15334,18,39.7,25.1,2,11
16344,16756,17,16057,17,43.2,19.6,3,11
16313,16344,17,16756,17,50.6,31.6,4,11
16693,16313,17,16344,17,54.9,38.3,5,11
16461,16693,17,16313,17,46.1,39.9,6,11
15362,16461,17,16693,17,43.4,35.3,7,11
15533,15362,17,16461,17,39.5,23.8,1,11
16495,15533,17,15362,17,45.7,31.3,2,11
16445,16495,17,15533,17,45.3,32.3,3,11
16403,16445,17,16495,17,49.8,43.7,4,11
16797,16403,17,16445,17,52.8,46.5,5,11
16952,16797,17,16403,17,41.1,26.8,6,11
16232,16952,17,16797,17,35.5,25.5,7,11
16686,16232,17,16952,17,31.6,16.1,1,11
17678,16686,17,16232,17,34,21.2,2,11
18228,17678,17,16686,17,38.8,35.8,3,11
18369,18228,17,17678,17,33.3,17.3,4,11
17667,18369,17,18228,17,27.3,6.8,5,11
18016,17667,17,18369,17,35.3,16.3,6,11
16706,18016,17,17667,17,28.7,9.5,7,11
15923,16706,17,18016,17,32.2,11.9,1,11
16939,15923,17,16706,17,46.7,29.6,2,11
16431,16939,17,15923,17,55.5,51.5,3,11
17954,16431,17,16939,17,54.8,38.3,4,11
15257,17954,17,16431,17,37.8,30.2,5,11
16855,15257,11,17954,17,32.9,27.7,6,11
16790,16855,17,15257,11,28.9,20.1,7,11
16275,16790,17,16855,17,26,15.5,1,11
17146,16275,17,16790,17,42.5,33.3,2,12
18415,17146,17,16275,17,48.1,37.3,3,12
17801,18415,17,17146,17,33.3,21.7,4,12
18125,17801,17,18415,17,39.4,36.5,5,12
17857,18125,18,17801,17,35,19.9,6,12
16745,17857,17,18125,18,30.8,20.3,7,12
18005,16745,17,17857,17,37.2,35.2,1,12
19843,18005,18,16745,17,31.1,15.9,2,12
19049,19843,17,18005,18,20.3,9.6,3,12
18372,19049,17,19843,17,35.8,33.4,4,12
18636,18372,17,19049,17,37.8,35.6,5,12
18208,18636,17,18372,17,33.1,28.8,6,12
17064,18208,17,18636,17,31.9,25.1,7,12
17219,17064,17,18208,17,33.5,25,1,12
18367,17219,17,17064,17,35.5,27.3,2,12
18485,18367,18,17219,17,35.2,27.6,3,12
17878,18485,17,18367,18,35,31.2,4,12
18215,17878,17,18485,17,41.8,37.7,5,12
18279,18215,17,17878,17,37.7,28.1,6,12
17569,18279,17,18215,17,32.2,21.7,7,12
17728,17569,17,18279,17,28.6,20.4,1,12
18112,17728,17,17569,17,30.6,26.8,2,12
17711,18112,17,17728,17,35.5,30.9,3,12
16368,17711,17,18112,17,40.5,38.5,4,12
14122,16368,17,17711,17,41.5,40.5,5,12
16379,14122,17,16368,17,48.4,38.3,6,12
15621,16379,17,14122,17,41.5,28.5,7,12
16107,15621,17,16379,17,40.4,30.3,1,12
17910,16107,17,15621,17,44,34.7,2,12
18734,17910,17,16107,17,34.1,19,3,12
18443,18734,17,17910,17,23.5,4.8,4,12
17326,18443,17,18734,17,21.3,4.8,5,1
17673,17326,17,18443,17,26.2,7.1,6,1
17710,17673,17,17326,17,32.1,15.3,7,1
17000,17710,17,17673,17,26.3,15.5,1,1
19224,17000,17,17710,17,36.8,35.3,2,1
20011,19224,18,17000,17,30,12,3,1
20439,20011,17,19224,18,13.9,3.9,4,1
20583,20439,18,20011,17,14.2,1.2,5,1
19111,20583,17,20439,18,9,-8,6,1
18376,19111,17,20583,17,22.7,9.4,7,1
18668,18376,17,19111,17,16.6,0.7,1,1
18797,18668,17,18376,17,19.7,4.3,2,1
19614,18797,17,18668,17,32.8,26.2,3,1
19803,19614,18,18797,17,19.8,4.5,4,1
19000,19803,17,19614,18,15.4,5.5,5,1
18650,19000,17,19803,17,22.9,16,6,1
18122,18650,17,19000,17,24.2,9.7,7,1
17072,18122,17,18650,17,14.8,-4.5,1,1
18025,17072,17,18122,17,33,28.6,2,1
18339,18025,17,17072,17,36.8,28.5,3,1
18521,18339,18,18025,17,30,12.9,4,1
18058,18521,17,18339,18,24.5,8.1,5,1
17523,18058,18,18521,17,29.2,18,6,1
17403,17523,17,18058,18,28,14.6,7,1
17425,17403,17,17523,17,31.2,26.8,1,1
19531,17425,18,17403,17,29.2,15.4,2,1
18727,19531,17,17425,18,16.6,6.5,3,1
19361,18727,17,19531,17,15.9,9.8,4,1
18661,19361,18,18727,17,17.4,3.7,5,1
18114,18661,18,19361,18,19.9,4.5,6,1
18686,18114,18,18661,18,28,22.1,7,1
17999,18686,18,18114,18,13.1,-3.9,1,2
19916,17999,17,18686,18,19,3.5,2,2
19599,19916,17,17999,17,14.9,8.5,3,2
18581,19599,18,19916,17,12.4,-0.5,4,2
19642,18581,18,19599,18,23.5,14.8,5,2
19112,19642,18,18581,18,23.6,13,6,2
17680,19112,18,19642,18,10.7,-2.3,7,2
18491,17680,18,19112,18,22.3,13.6,1,2
19658,18491,18,17680,18,21.1,17.2,2,2
18822,19658,18,18491,18,15.8,11.1,3,2
18964,18822,18,19658,18,23,15.3,4,2
18792,18964,18,18822,18,19,7.2,5,2
19343,18792,18,18964,18,20.7,12.9,6,2
18532,19343,18,18792,18,9.3,-8.2,7,2
19590,18532,18,19343,18,11.5,3,1,2
20108,19590,18,18532,18,12.1,2.1,2,2
19514,20108,18,19590,18,5.9,-13.4,3,2
18763,19514,18,20108,18,13.5,0.4,4,2
19705,18763,18,19514,18,19.1,8.1,5,2
19540,19705,18,18763,18,18.3,8,6,2
18223,19540,18,19705,18,8.8,-8,7,2
17270,18223,18,19540,18,16.5,7.2,1,2
19862,17270,18,18223,18,31.5,25.9,2,2
19983,19862,18,17270,18,17.9,-0.3,3,2
18605,19983,18,19862,18,7.5,-6.3,4,2
19206,18605,18,19983,18,22.8,8.2,5,2
18313,19206,18,18605,18,18.8,4.7,6,2
17337,18313,18,19206,18,17.7,-1.8,7,2
18198,17337,18,18313,18,17,-0.6,1,3
18586,18198,18,17337,18,19.7,10.3,2,3
18800,18586,18,18198,18,28.1,16.4,3,3
17706,18800,18,18586,18,22.9,8.4,4,3
18848,17706,18,18800,18,37.3,30.2,5,3
18082,18848,18,17706,18,27.2,10.7,6,3
16572,18082,18,18848,18,16.8,-2.8,7,3
16400,16572,18,18082,18,25,9.1,1,3
16717,16400,19,16572,18,31.6,18.5,2,3
16610,16717,19,16400,19,35.7,18,3,3
15840,16610,19,16717,19,37.8,24.2,4,3
16839,15840,19,16610,19,45.3,32.1,5,3
16560,16839,19,15840,19,35.5,11.7,6,3
15563,16560,8,16839,19,29.8,7.2,7,3
16279,15563,11,16560,8,34.6,29.6,1,3
16474,16279,19,15563,11,35.8,27.9,2,3
16826,16474,19,16279,19,35.3,16.4,3,3
17853,16826,19,16474,19,37.5,25.6,4,3
17212,17853,19,16826,19,25.8,0.2,5,3
16984,17212,19,17853,19,25.3,-1,6,3
15695,16984,8,17212,19,26.1,10.2,7,3
16441,15695,10,16984,8,32.8,27.4,1,3
17333,16441,19,15695,10,28.1,5.9,2,3
16945,17333,19,16441,19,22.8,0.1,3,3
16448,16945,7,17333,19,27.8,9.8,4,3
16030,16448,19,16945,7,34.8,19.7,5,3
15683,16030,19,16448,19,43.2,40.6,6,3
15402,15683,10,16030,19,40.4,35,7,3
15238,15402,19,15683,10,33.8,26.7,1,3
16512,15238,20,15402,19,32,8,2,3
15964,16512,10,15238,20,36.6,24.6,3,3
15783,15964,19,16512,10,40,23.4,4,4
15818,15783,20,15964,19,37.2,8,5,4
14652,15818,8,15783,20,42.7,19.3,6,4
14370,14652,10,15818,8,52.7,41.9,7,4
14278,14370,20,14652,10,44.5,30.3,1,4
15410,14278,20,14370,20,37.5,21,2,4
16021,15410,19,14278,20,40.8,30,3,4
16441,16021,19,15410,19,40.7,34.3,4,4
16455,16441,19,16021,19,36.8,28.5,5,4
15697,16455,19,16441,19,35.2,32.1,6,4
13799,15697,10,16455,19,42.2,40.4,7,4
13853,13799,20,15697,10,48.4,31.9,1,4
14644,13853,20,13799,20,50.6,26.8,2,4
14745,14644,20,13853,20,54.8,32.3,3,4
14493,14745,19,14644,20,57.6,36.7,4,4
14485,14493,20,14745,19,55.8,21.6,5,4
14781,14485,20,14493,20,50.5,20.3,6,4
13032,14781,10,14485,20,55,45,7,4
13353,13032,20,14781,10,56.4,39.8,1,4
15288,13353,20,13032,20,49.5,30.8,2,4
14565,15288,19,13353,20,45.1,40.6,3,4
14448,14565,11,15288,19,54.3,44.7,4,4
14939,14448,19,14565,11,53,35.8,5,4
14577,14939,20,14448,19,43.4,27.3,6,4
13287,14577,20,14939,20,40.8,22.4,7,4
13679,13287,20,14577,20,44.5,24.2,1,4
14635,13679,20,13287,20,48.6,30.6,2,4
14470,14635,20,13679,20,51.1,34.7,3,4
14357,14470,20,14635,20,52.4,33.9,4,4
14359,14357,20,14470,20,54.5,36.8,5,4
13960,14359,20,14357,20,51.1,38.7,6,5
12974,13960,10,14359,20,49.9,38.3,7,5
13460,12974,20,13960,10,51.4,38,1,5
15035,13460,20,12974,20,57.8,39.9,2,5
15037,15035,20,13460,20,65.7,42.1,3,5
14769,15037,20,15035,20,67.6,45.3,4,5
15335,14769,20,15037,20,62.7,36.1,5,5
14887,15335,16,14769,20,65.8,36.9,6,5
13831,14887,13,15335,16,63,44.9,7,5
15908,13831,20,14887,13,58.8,50.3,1,5
16955,15908,20,13831,20,72.6,60,2,5
17077,16955,11,15908,20,68,59.3,3,5
14543,17077,16,16955,11,67,55,4,5
14510,14543,11,17077,16,59.1,38.2,5,5
14394,14510,20,14543,11,56.7,31.7,6,5
13564,14394,13,14510,20,58.9,36.1,7,5
15349,13564,20,14394,13,61.3,50.3,1,5
15068,15349,20,13564,20,67.8,56.1,2,5
15353,15068,17,15349,20,59.6,50.5,3,5
14297,15353,20,15068,17,60.5,55.4,4,5
14381,14297,11,15353,20,57.1,39.3,5,5
14514,14381,20,14297,11,55.9,34.9,6,5
12796,14514,13,14381,20,60.7,35.5,7,5
13198,12796,20,14514,13,53.7,24.4,1,5
14992,13198,20,12796,20,65.2,38.5,2,5
18470,14992,20,13198,20,68.5,52,3,5
19544,18470,16,14992,20,73.1,58.3,4,5
19363,19544,16,18470,16,72.9,62.4,5,5
17854,19363,15,19544,16,71.7,62.5,6,5
17405,17854,16,19363,15,68.3,56.3,7,5
15409,17405,17,17854,16,71.5,60,1,5
14984,15409,12,17405,17,63.5,58.3,2,6
14864,14984,17,15409,12,49.2,46.8,3,6
14352,14864,11,14984,17,48.8,45.4,4,6
14460,14352,20,14864,11,54.3,45.2,5,6
14848,14460,13,14352,20,56.4,46.4,6,6
13514,14848,13,14460,13,59.6,49.9,7,6
13703,13514,11,14848,13,63.6,49.2,1,6
15801,13703,20,13514,11,60.7,40.3,2,6
17105,15801,17,13703,20,64.3,52.6,3,6
17960,17105,17,15801,17,67.6,61.8,4,6
20220,17960,16,17105,17,70.4,55.5,5,6
19755,20220,16,17960,16,75.3,59.1,6,6
17740,19755,16,20220,16,73.4,56.9,7,6
16648,17740,17,19755,16,73.9,58.5,1,6
15928,16648,17,17740,17,70.9,53.4,2,6
16707,15928,11,16648,17,60.1,55.3,3,6
16423,16707,17,15928,11,64.1,60.2,4,6
16482,16423,16,16707,17,66.8,51.7,5,6
18328,16482,16,16423,16,64.8,51.9,6,6
14307,18328,15,16482,16,70.3,57.5,7,6
16718,14307,12,18328,15,63.8,50.6,1,6
20012,16718,18,14307,12,68.8,64.5,2,6
20923,20012,16,16718,18,72.5,61.1,3,6
19392,20923,15,20012,16,73.2,65.1,4,6
18472,19392,16,20923,15,72.7,55,5,6
16993,18472,15,19392,16,70.8,53.9,6,6
14227,16993,16,18472,15,67.2,54.4,7,6
13700,14227,12,16993,16,63.3,53.4,1,6
15859,13700,17,14227,12,57.4,54.9,2,6
17912,15859,17,13700,17,62.8,55.6,3,6
18681,17912,16,15859,17,68.9,58.5,4,7
17682,18681,17,17912,16,70.4,62.5,5,7
16376,17682,14,18681,17,70,56.5,6,7
13992,16376,17,17682,14,69,50.9,7,7
16692,13992,12,16376,17,65.3,56.8,1,7
20106,16692,18,13992,12,71,58.6,2,7
20988,20106,17,16692,18,73.2,61.4,3,7
21638,20988,16,20106,17,73.8,67.4,4,7
17917,21638,15,20988,16,76.5,66.7,5,7
18844,17917,16,21638,15,68.3,58.4,6,7
18602,18844,16,17917,16,71.4,59.8,7,7
20162,18602,17,18844,16,75,56.9,1,7
21122,20162,17,18602,17,77.9,61.6,2,7
20048,21122,14,20162,17,74.7,63.9,3,7
21117,20048,14,21122,14,72.4,65.8,4,7
17211,21117,14,20048,14,73.7,65.3,5,7
17773,17211,17,21117,14,65.8,49.5,6,7
16838,17773,16,17211,17,68,55.2,7,7
21368,16838,17,17773,16,71.3,64.7,1,7
24437,21368,17,16838,17,78.5,70.4,2,7
22683,24437,16,21368,17,81,66.9,3,7
19755,22683,16,24437,16,75.3,62.7,4,7
18942,19755,16,22683,16,72.8,54.8,5,7
18199,18942,16,19755,16,71,53.7,6,7
15778,18199,14,18942,16,69.1,54.8,7,7
17080,15778,17,18199,14,66.8,58.4,1,7
20877,17080,17,15778,17,70.4,63.5,2,7
23171,20877,16,17080,17,73.8,65.6,3,7
24437,23171,16,20877,16,76.6,66.6,4,7
23865,24437,16,23171,16,80.1,65.7,5,7
21880,23865,14,24437,16,77.9,69.7,6,7
18939,21880,16,23865,14,76.8,60.7,7,8
19003,18939,14,21880,16,75.2,59,1,8
22919,19003,17,18939,14,74,55.9,2,8
21920,22919,16,19003,17,76.7,63.1,3,8
20212,21920,14,22919,16,74.7,65.2,4,8
18322,20212,16,21920,14,72.4,57.1,5,8
18025,18322,16,20212,16,70.2,52.8,6,8
15982,18025,15,18322,16,69,54.9,7,8
15622,15982,17,18025,15,68.5,55.3,1,8
18988,15622,17,15982,17,68.2,57.3,2,8
17745,18988,16,15622,17,70.7,58.6,3,8
19898,17745,17,18988,16,69,65.8,4,8
19250,19898,16,17745,17,72.9,61.8,5,8
20051,19250,16,19898,16,70.7,57.2,6,8
20198,20051,16,19250,16,72.7,57.4,7,8
20923,20198,16,20051,16,75.6,62.8,1,8
24047,20923,17,20198,16,75.5,65.5,2,8
24216,24047,16,20923,17,78.9,66.8,3,8
23624,24216,14,24047,16,77.4,67.9,4,8
22513,23624,16,24216,14,77,67.8,5,8
21166,22513,15,23624,16,75,67.7,6,8
17706,21166,16,22513,15,72.4,68.3,7,8
17474,17706,17,21166,16,71.3,62.3,1,8
20880,17474,20,17706,17,69.4,65.3,2,8
21733,20880,16,17474,20,73.3,66.6,3,8
20376,21733,16,20880,16,73.3,67.8,4,8
18281,20376,15,21733,16,72,60.3,5,8
17691,18281,15,20376,15,68.9,54.8,6,8
16517,17691,16,18281,15,67.4,54.8,7,8
18767,16517,17,17691,16,69.3,55.5,1,8
22568,18767,17,16517,17,73.9,61.6,2,8
21458,22568,16,18767,17,76.7,64.3,3,9
22766,21458,16,22568,16,73.8,60.3,4,9
22759,22766,16,21458,16,74.9,62.9,5,9
18396,22759,16,22766,16,76,65.2,6,9
15974,18396,14,22759,16,70.2,59.1,7,9
17102,15974,17,18396,14,66.7,52.9,1,9
20921,17102,17,15974,17,70.4,56.9,2,9
24368,20921,17,17102,17,76.4,60.3,3,9
24275,24368,15,20921,17,80,66.1,4,9
19108,24275,16,24368,15,78.9,68,5,9
16866,19108,11,24275,16,70.2,65.4,6,9
15638,16866,16,19108,11,65.9,59.8,7,9
15810,15638,19,16866,16,66,59.6,1,9
16027,15810,19,15638,19,64.2,61.1,2,9
17601,16027,19,15810,19,62.2,52.8,3,9
18950,17601,17,16027,19,68.5,53.1,4,9
19926,18950,16,17601,17,70.6,57.9,5,9
19413,19926,16,18950,16,72.3,58.9,6,9
16774,19413,16,19926,16,71.6,58.3,7,9
15307,16774,16,19413,16,69.5,61,1,9
15610,15307,19,16774,16,67.4,53.4,2,9
15611,15610,19,15307,19,58.5,42.8,3,9
15879,15611,19,15610,19,60.5,48.7,4,9
16032,15879,19,15611,19,61.1,47.7,5,9
14817,16032,19,15879,19,64,51,6,9
13602,14817,19,16032,19,59.4,48.1,7,9
14456,13602,19,14817,19,56.3,44.6,1,9
16780,14456,19,13602,19,55.8,44.2,2,9
18219,16780,19,14456,19,64.1,56.8,3,9
18044,18219,19,16780,19,70.8,66,4,9
15367,18044,11,18219,19,67.7,64.1,5,10
14927,15367,19,18044,11,55.5,46.5,6,10
14032,14927,18,15367,19,50,40.8,7,10
14440,14032,19,14927,18,49.1,40.8,1,10
15416,14440,19,14032,19,51,39.3,2,10
15427,15416,19,14440,19,51.4,42.1,3,10
15509,15427,19,15416,19,55.3,44.4,4,10
15192,15509,19,15427,19,57.9,47.3,5,10
15478,15192,19,15509,19,55.9,44,6,10
13613,15478,18,15192,19,58.4,53.8,7,10
13768,13613,19,15478,18,52.2,38.9,1,10
15334,13768,19,13613,19,54.5,42,2,10
15855,15334,18,13768,19,59.4,48.3,3,10
15285,15855,18,15334,18,60.4,55.7,4,10
15204,15285,18,15855,18,58,46.4,5,10
14673,15204,19,15285,18,50.4,37.5,6,10
14091,14673,18,15204,19,52,39.4,7,10
15285,14091,18,14673,18,45.2,31.3,1,10
16227,15285,19,14091,18,36.4,20.7,2,10
15710,16227,18,15285,19,37.3,19.9,3,10
15580,15710,18,16227,18,54,36.6,4,10
15656,15580,18,15710,18,57,45.2,5,10
14975,15656,18,15580,18,60.1,50.1,6,10
14399,14975,18,15656,18,47.3,30.8,7,10
14578,14399,18,14975,18,41.3,31.7,1,10
15792,14578,18,14399,18,52.7,45.4,2,10
15868,15792,18,14578,18,45.3,31.3,3,10
16247,15868,18,15792,18,43.3,31.2,4,10
15494,16247,18,15868,18,47.9,43.7,5,10
14820,15494,18,16247,18,64.5,52.2,6,10
13708,14820,18,15494,18,50,30.7,7,10
14993,13708,18,14820,18,43.3,30.2,1,11
15931,14993,17,13708,18,52.2,44.3,2,11
15937,15931,17,14993,17,53,40.7,3,11
15825,15937,17,15931,17,54.9,41.1,4,11
16157,15825,17,15937,17,54.3,42.8,5,11
16006,16157,17,15825,17,59.5,52.5,6,11
14357,16006,17,16157,17,65,58.8,7,11
14918,14357,17,16006,17,56.1,38.3,1,11
16203,14918,17,14357,17,46.8,29.4,2,11
16326,16203,17,14918,17,45.5,30.8,3,11
16431,16326,17,16203,17,46,36.4,4,11
16415,16431,17,16326,17,46.5,42.6,5,11
15665,16415,17,16431,17,48.4,46,6,11
15304,15665,17,16415,17,51.3,37.5,7,11
15262,15304,17,15665,17,40.7,25.3,1,11
16287,15262,17,15304,17,43.5,29.1,2,11
16616,16287,17,15262,17,47.9,30,3,11
16647,16616,17,16287,17,36.9,22.3,4,11
16355,16647,17,16616,17,38.8,30.1,5,11
15576,16355,17,16647,17,50.5,45.4,6,11
15124,15576,17,16355,17,52.1,39.7,7,11
15744,15124,17,15576,17,40,25.4,1,11
17439,15744,17,15124,17,42.3,33.6,2,11
17211,17439,17,15744,17,35,14.3,3,11
16828,17211,17,17439,17,32.2,16,4,11
14394,16828,17,17211,17,35.3,23.6,5,11
14683,14394,11,16828,17,45,37.3,6,11
14954,14683,17,14394,11,54,46.8,7,11
16211,14954,17,14683,17,47.3,41.8,1,11
17692,16211,17,14954,17,34.8,23.1,2,11
17568,17692,17,16211,17,31.2,20.7,3,12
17103,17568,17,17692,17,34.8,30.2,4,12
17105,17103,17,17568,17,42.5,41.1,5,12
16612,17105,17,17103,17,44,35.3,6,12
15491,16612,17,17105,17,41,29,7,12
16053,15491,17,16612,17,40.3,31.3,1,12
17233,16053,17,15491,17,39.8,30.4,2,12
17533,17233,17,16053,17,41.4,29.5,3,12
17347,17533,17,17233,17,38.3,29.8,4,12
16673,17347,17,17533,17,40,32.6,5,12
16376,16673,17,17347,17,48.2,43.4,6,12
15216,16376,17,16673,17,47.8,44.1,7,12
15881,15216,17,16376,17,50.7,38.4,1,12
17107,15881,17,15216,17,48.5,38.2,2,12
16773,17107,17,15881,17,48.7,45.5,3,12
17164,16773,17,17107,17,52.8,43.2,4,12
17088,17164,17,16773,17,40.6,30.7,5,12
16827,17088,17,17164,17,44,41.4,6,12
16758,16827,17,17088,17,43.8,37.2,7,12
16909,16758,17,16827,17,34.6,16.3,1,12
17374,16909,17,16758,17,33.6,17.5,2,12
16925,17374,17,16909,17,42.1,28.2,3,12
16641,16925,17,17374,17,50.3,45.9,4,12
15389,16641,17,16925,17,47.4,45.2,5,12
13299,15389,17,16641,17,55.6,52.4,6,12
14908,13299,17,15389,17,52.5,44,7,12
15305,14908,17,13299,17,46.1,31.5,1,12
17813,15305,17,14908,17,46,42.3,2,12
18207,17813,17,15305,17,31,14.9,3,12
17740,18207,17,17813,17,28.5,24.9,4,12
16583,17740,17,18207,17,28.8,26.5,5,12
